,product_id,seller_id,country,category,gender,material,title,image_1,image_2,descriptions,price,product_code,color,size,weight,dates,available
0,27,1,Ghana,Shoes,Female,Solid,Masai sandals,IMG_2263.jpg,IMG_2261.jpg,Step into the world of African heritage with Masai Shoes. These unique footwear pieces not only showcase the rich cultural heritage of Africa but also provide unparalleled comfort.,170.0,JXGS0T,"Yellow,brown",38,0.5,2023-09-23,No
1,28,1,Ghana,Shoes,Female,Rubber,Masai sandals,IMG_2276.jpg,IMG_2272.jpg,Step into the world of African heritage with Masai Shoes. These unique footwear pieces not only showcase the rich cultural heritage of Africa but also provide unparalleled comfort.,170.0,EN1YG8,"Brown,orange",40,0.8,2023-09-23,No
2,29,1,Ghana,Shoes,Female,Rubber,Masai sandals,IMG_2281.jpg,IMG_2281.jpg,Step into the world of African heritage with Masai Shoes. These unique footwear pieces not only showcase the rich cultural heritage of Africa but also provide unparalleled comfort.,170.0,7V2IW6,"Brown,dark-blue",40,0.8,2023-09-23,No
3,30,1,Ghana,Shoes,Female,Rubber,Masai sandals,IMG_2293 (1).jpg,IMG_2296.jpg,Step into the world of African heritage with Masai Shoes. These unique footwear pieces not only showcase the rich cultural heritage of Africa but also provide unparalleled comfort.,170.0,P15NSU,"Yellow,brown",40,1,2023-09-23,No
4,31,1,Ghana,Shoes,Female,Rubber,Beaded Masai sandals,IMG_2302.jpg,IMG_2304.jpg,"Crafted with precision and attention to detail, Masai Shoes are a perfect blend of style and functionality. Each pair is meticulously designed to ensure maximum comfort, allowing you to effortlessly go about your day.",170.0,AUNY4S,"Brown,cream-white",38,1,2023-09-23,No
5,33,1,Ghana,Shoes,Female,Rubber,Beaded Masai sandals,IMG_2308 (1).jpg,IMG_2311.jpg,"Crafted with precision and attention to detail, Masai Shoes are a perfect blend of style and functionality. Each pair is meticulously designed to ensure maximum comfort, allowing you to effortlessly go about your day.",170.0,KX4FAV,Multi-color,"39,40",1,2023-09-23,No
6,34,1,Ghana,Accessories,Unisex,Solid,Beaded African Map Necklace,IMG_2327.jpg,IMG_2333.jpg,"This Beaded African Map Necklace is a stunning piece of jewelry that features intricate beadwork in the shape of the African continent. Its vibrant colors and detailed craftsmanship make it a unique and eye-catching accessory, perfect for those who want to celebrate African culture and heritage.",100.0,1MLV8N,Black,Medium,0.3,2023-09-23,No
7,35,1,Ghana,Accessories,Unisex,Solid,Gye Nyame beaded Necklace,IMG_2342.jpg,IMG_2342.jpg,"The Gye Nyame  Ashanti Necklace is a stunning jewelry piece that pays homage to Ashanti culture and symbolism. Its centerpiece, Gye Nyame symbol, represents the supremacy of God and the belief in divine protection. This necklace is not only a striking accessory but also a meaningful expression of faith and heritage, making it a perfect addition to any jewelry collection.",50.0,VDOWAS,"Black,Brown",Medium,0.3,2023-09-23,No
8,36,1,Ghana,Accessories,Female,Solid,Ankh Necklace,IMG_2319.jpg,IMG_2317.jpg,"This African Stone Necklace is a unique and culturally rich accessory that showcases the natural beauty of African stones and beads. The necklace features a combination of beads, each meticulously handcrafted to create an exquisite piece of jewelry.",100.0,90I8QS,"Black,Brown",Medium,1.5,2023-09-23,No
9,37,1,Ghana,Bags,Female,Cotton,African Masai bag,IMG_2358.jpg,IMG_2357.jpg,"The Maasai Bag is a stunning and culturally rich accessory handcrafted by the Maasai artisans of East Africa. It features intricate beadwork and vibrant colors, a hallmark of Maasai craftsmanship. These bags are not only a fashion statement but also a celebration of Maasai culture and heritage. ",300.0,S0MW5K,Black,Medium,1.5,2023-09-23,Yes
10,38,1,Ghana,Bags,Female,Cotton,African Masai bags,IMG_2366.jpg,IMG_2367.jpg,"The Maasai Bag is a stunning and culturally rich accessory handcrafted by the Maasai artisans of East Africa. It features intricate beadwork and vibrant colors, a hallmark of Maasai craftsmanship. These bags are not only a fashion statement but also a celebration of Maasai culture and heritage. ",300.0,0RCUD1,Baige,Medium,2,2023-09-23,Yes
11,39,1,Ghana,Bags,Unisex,Leather,African Back-Pack,IMG_2399.jpg,IMG_2394.jpg,"An African print backpack is a vibrant and culturally inspired accessory featuring traditional African textile patterns and designs. Typically made from durable materials, it combines style with functionality, making it perfect for both everyday use and as a unique fashion statement.",200.0,1PYFIE,Black.white patches,Medium,1,2023-09-24,Yes
12,40,1,Ghana,Bags,Unisex,Leather,African Back-Pack,IMG_2384.jpg,IMG_2384.jpg,"An African print backpack is a vibrant and culturally-inspired accessory featuring traditional African textile patterns and designs. Typically made from durable materials, it combines style with functionality, making it perfect for both everyday use and as a unique fashion statement.",250.0,AOM28W,Black.white patches,Medium,1,2023-09-24,Yes
13,41,1,Ghana,Bags,Unisex,Cotton,African Print Back-Pack,IMG_2370.jpg,IMG_2377.jpg,"An African print backpack is a vibrant and culturally inspired accessory featuring traditional African textile patterns and designs. Typically made from durable materials, it combines style with functionality, making it perfect for both everyday use and as a unique fashion statement.",200.0,63K1JE,Multi-color,Medium,1,2023-09-24,Yes
14,42,1,Ghana,Bags,Unisex,Cotton,African Hassle Bag,IMG_2414.jpg,IMG_2405.jpg,"An African hassle bag is a stylish and versatile accessory, typically crafted from traditional African textiles or materials. It features a convenient drawstring closure and ample space, making it ideal for carrying essentials while showcasing African culture through its distinctive design.",150.0,QU7E1T,Orange,Medium,1,2023-09-24,Yes
15,43,1,Ghana,Bags,Female,Cotton,African Hassle Bag,IMG_2417.jpg,IMG_2427.jpg,"An African hassle bag is a stylish and versatile accessory, typically crafted from traditional African textiles or materials. It features a convenient drawstring closure and ample space, making it ideal for carrying essentials while showcasing African culture through its distinctive design.",150.0,A98WQ3,Baige,Small,1,2023-09-24,Yes
16,44,1,Ghana,Bags,Unisex,Cotton,African Print Hassle bag,IMG_2437.jpg,IMG_2439.jpg,"An African hassle bag is a stylish and versatile accessory, typically crafted from traditional African textiles or materials. It features a convenient drawstring closure and ample space, making it ideal for carrying essentials while showcasing African culture through its distinctive design.",130.0,2YQJPG,"black,multi-colored",Small,1,2023-09-24,Yes
17,45,1,Ghana,Bags,Female,Cotton,African Hassle Bag,IMG_2442.jpg,IMG_2447.jpg,"An African hassle bag is a stylish and versatile accessory, typically crafted from traditional African textiles or materials. It features a convenient drawstring closure and ample space, making it ideal for carrying essentials while showcasing African culture through its distinctive design.",200.0,7RC2FJ,Brown,Medium,1,2023-09-24,Yes
18,49,1,Ghana,Bags,Female,Cotton,African Print handbag,IMG_2608.jpg,IMG_2608.jpg,"An African print bag is a vibrant and eye-catching accessory featuring traditional African textile prints and patterns. These bags are both fashionable and functional, offering a unique blend of cultural expression and practicality for carrying your essentials.",150.0,UVWDHQ,Multi-color,Medium,2,2023-09-24,Yes
19,50,1,Ghana,Bags,Female,Leather,African Print handbag,IMG_2612.jpg,IMG_2612.jpg,"An African print bag is a vibrant and eye-catching accessory featuring traditional African textile prints and patterns. These bags are both fashionable and functional, offering a unique blend of cultural expression and practicality for carrying your essentials.",150.0,FNGQLA,"Multi-color,Red",Medium,2,2023-09-24,Yes
20,51,1,Ghana,Bags,Unisex,Cotton,African tote bag,IMG_2614.jpg,IMG_2614.jpg,"An African print tote bag is a stylish and spacious accessory adorned with traditional African textile prints, often featuring bold and colorful patterns. These tote bags are not only fashion-forward but also practical for carrying a variety of items, making them a popular choice for everyday use and a distinctive expression of African heritage.",130.0,4YPQ5N,Multi-color,Medium,1,2023-09-24,Yes
21,52,1,Ghana,Bags,Female,Cotton,African Print handbag,IMG_2615.jpg,IMG_2615.jpg,"An African print bag is a vibrant and eye-catching accessory featuring traditional African textile prints and patterns. These bags are both fashionable and functional, offering a unique blend of cultural expression and practicality for carrying your essentials.",150.0,PGJCY8,Multi-color,Medium,2,2023-09-24,Yes
22,53,1,Ghana,Bags,Female,Natural textile,Woven Tassel Bag,IMG_2618.jpg,IMG_2621.jpg,"An African woven tassel bag is an exquisite handcrafted accessory, showcasing intricate weaving techniques and often adorned with decorative tassels. These bags are known for their unique blend of artistry and functionality, providing a culturally rich and stylish way to carry your belongings.




",250.0,29B7ER,Multi-color,Medium,3,2023-09-24,Yes
23,55,1,Ghana,Accessories,Female,Solid,African Map Earring,WhatsApp Image 2023-09-24 at 14.41.14 (1).jpeg,WhatsApp Image 2023-09-24 at 14.41.14.jpeg,dtrstdg,60.0,IPNH2A,Brown,Medium,.3,2023-09-24,No
24,56,1,Ghana,Men Shirts,Unisex,Cotton,African Shirt,WhatsApp Image 2023-09-24 at 14.43.04.jpeg,WhatsApp Image 2023-09-24 at 14.43.18.jpeg,The African shirt is a vibrant and culturally significant garment often characterized by its colorful and intricate patterns. It is typically made from high-quality African textiles and serves as a symbol of tradition and identity in various African cultures.,100.0,9MEXPQ,White,Large,1,2023-09-24,Yes
25,57,1,Ghana,Accessories,Female,Solid,African map Earring ,IMG_2635.jpg,IMG_2637.jpg,"These African map earrings are a unique and stylish accessory, crafted with precision to depict the intricate contours of the African continent. Made from high-quality materials, they are both lightweight and durable, ensuring comfort and longevity. ",60.0,NAV1LZ,Black,Medium,0.5,2023-09-26,No
26,58,1,Ghana,Accessories,Female,Solid,African wooden Earring ,IMG_2638.jpg,IMG_2640.jpg,"These African wooden earrings are a unique and stylish accessory, crafted with precision to depict the intricate contours of the African continent. Made from high-quality materials, they are both lightweight and durable, ensuring comfort and longevity. ",60.0,KTWSVG,Brown,"Medium,Large",0.5,2023-09-26,No
27,59,1,Ghana,Accessories,Female,Solid,African gold-patch earring,IMG_2643.jpg,IMG_2643.jpg,"These African  earrings are a unique and stylish accessory, crafted with precision to depict the intricate contours of the African continent. Made from high-quality materials, they are both lightweight and durable, ensuring comfort and longevity. ",60.0,OI1QSB,Brown,"Medium,Large",0.5,2023-09-26,No
28,60,1,Ghana,Accessories,Female,Solid,African map Earring ,IMG_2648.jpg,IMG_2648.jpg,"These African map earrings are a unique and stylish accessory, crafted with precision to depict the intricate contours of the African continent. Made from high-quality materials, they are both lightweight and durable, ensuring comfort and longevity. ",60.0,NWQF5A,Brown,"Medium,Large",0.5,2023-09-26,No
29,62,1,Ghana,Accessories,Female,Solid,Gye Nyame wooden Earring,IMG_2649.jpg,IMG_2649.jpg,"These Gye Nyame earrings are a unique and stylish accessory, crafted with precision to depict the intricate contours of the African continent. Made from high-quality materials, they are both lightweight and durable, ensuring comfort and longevity. ",45.0,0U2G3R,Brown,Medium,0.5,2023-09-26,No
30,63,1,Ghana,Accessories,Female,Solid,Gye Nyame wooden Earrings ,IMG_2652.jpg,IMG_2652.jpg,"These Gye Nyame earrings are a unique and stylish accessory, crafted with precision to depict the intricate contours of the African continent. Made from high-quality materials, they are both lightweight and durable, ensuring comfort and longevity. ",45.0,YTP6GJ,Brown,Medium,0.5,2023-09-26,No
31,64,1,Ghana,Accessories,Female,Solid,African Adinkra Earring,IMG_2653.jpg,IMG_2653.jpg,"These African Adinkra earrings are a unique and stylish accessory, crafted with precision to depict the intricate contours of the African continent. Made from high-quality materials, they are both lightweight and durable, ensuring comfort and longevity. ",45.0,O0V5KC,Brown,Medium,0.1,2023-09-26,No
32,65,1,Ghana,Accessories,Female,Solid,Wooden Tree Earing,IMG_2657.jpg,IMG_2657.jpg,"These African wooden tree earrings are a unique and stylish accessory, crafted with precision to depict the intricate contours of the African continent. Made from high-quality materials, they are both lightweight and durable, ensuring comfort and longevity. ",45.0,UNBK57,Brown,Medium,0.1,2023-09-27,No
33,66,1,Ghana,Accessories,Female,Solid,African Adinkra Earring,IMG_2662.jpg,IMG_2662.jpg,"These African adinkra earrings are a unique and stylish accessory, crafted with precision to depict the intricate contours of the African continent. Made from high-quality materials, they are both lightweight and durable, ensuring comfort and longevity. ",45.0,61IMUG,Blue,Medium,0.2,2023-09-27,No
34,67,1,Ghana,Accessories,Female,Solid,Africa Map Earring ,IMG_2673.jpg,IMG_2673.jpg,"These African map earrings are a unique and stylish accessory, crafted with precision to depict the intricate contours of the African continent. Made from high-quality materials, they are both lightweight and durable, ensuring comfort and longevity. ",45.0,I6ZEV0,Multi-color,Medium,0.1,2023-09-27,No
35,68,1,Ghana,Accessories,Female,Solid,Africa map kente earring,IMG_2675.jpg,IMG_2675.jpg,"These African map earrings are a unique and stylish accessory, crafted with precision to depict the intricate contours of the African continent. Made from high-quality materials, they are both lightweight and durable, ensuring comfort and longevity. ",45.0,LNTRHS,Multi-color,Medium,0.2,2023-09-27,No
36,69,1,Ghana,Bags,Female,Solid,Ankara Handbag,IMG_2679.jpg,IMG_2679.jpg,"This Ankara ribbon bag is a vibrant and eye-catching accessory, featuring a colorful ribbon made from traditional African Ankara fabric. The bag is not only stylish but also functional, with ample storage space and a sturdy design, making it an ideal choice for carrying your essentials while adding a touch of African flair to your outfit.",150.0,1KY9O7,Multi-color,Medium,0.5,2023-09-27,Yes
37,70,1,Ghana,Accessories,Female,Solid,Melanin queen earrings ,pixelcut_20 2.PNG,pixelcut_21 2.PNG,"Introducing Melanin Queen Large Earrings, the perfect accessory to enhance your beauty and boost your confidence. These stunning earrings are designed to celebrate your melanin-rich skin and make a bold statement wherever you go. Crafted with exquisite attention to detail, they are a true reflection of your unique style and elegance. ",30.0,4HCFAY,Multi-color,Large,0.3,2023-09-30,No
38,71,1,Ghana,Shoes,Female,Rubber,Ghana Masai shoes ,pixelcut_12 4.PNG,pixelcut_13 4.PNG,"Introducing Masai Sandals, the epitome of African craftsmanship and style. These sandals are not just footwear; they are a symbol of heritage and tradition. Handmade with love and care, each pair showcases the rich cultural heritage of Africa.

But these sandals are not just about aesthetics; they offer a range of benefits too.",65.0,DFP5B1,"Orange,white ",39,0.3,2023-09-30,No
39,73,1,Ghana,Shoes,Male,Solid,African sandals for men,pixelcut_8.PNG,pixelcut_9.PNG,"African sandals for men offer a unique blend of style and comfort, featuring intricately handcrafted designs and high-quality materials that showcase the rich cultural heritage of Africa. These sandals are not only fashionable but also durable, making them an ideal choice for both casual and semi-formal occasions.",179.99,2GXOEK,Black,45,1,2023-09-30,No
40,74,1,Ghana,Shoes,Female,Solid,African sandals ,pixelcut_12 3.PNG,pixelcut_12 3.PNG,"Introducing Masai Sandals, the epitome of African craftsmanship and style. These sandals are not just footwear; they are a symbol of heritage and tradition. Handmade with love and care, each pair showcases the rich cultural heritage of Africa.

But these sandals are not just about aesthetics; they offer a range of benefits too. Crafted from high-quality materials, Masai Sandals provide unmatched comfort and durability, making them perfect for everyday wear. ",120.0,BUOQVD,Brown,42,0.3,2023-09-30,No
41,75,1,Ghana,Clothing,Female,Cotton, Bubu Gown Dress,pixelcut_5 5.PNG,pixelcut_3 4.PNG,"An African Bubu Gown Dress is a loose-fitting and flowy garment known for its vibrant colors and prints, often featuring cultural embellishments and worn for various occasions",180.0,CKYUPR,"Yellow,purple",Large,1,2023-10-01,No
42,76,1,Ghana,Bags,Female,Cotton, Ankara tote bag,pixelcut_3 3.PNG,pixelcut_2 3.PNG,"An Ankara tote bag is a stylish and versatile accessory crafted from vibrant and colorful Ankara fabric, which is popular in African fashion. These bags often feature a roomy interior, durable handles, and may include pockets, making them ideal for carrying essentials while adding a touch of African flair to your outfit.




",100.0,OY4SLP,Multi-color,"Medium,Large",1,2023-10-01,Yes
43,77,1,Ghana,Fabrics,Female,Cotton,"Avogan fabric,6-yard length",WhatsApp Image 2023-09-30 at 10.02.40.jpeg,WhatsApp Image 2023-09-30 at 10.02.40.jpeg,"Avogan fabric, available in a 6-yard length, is a beautiful and unique textile known for its soft, lightweight feel and intricate geometric or floral patterns. This fabric is a popular choice for creating traditional West African clothing, such as dresses and headwraps, and it adds an elegant touch to any fashion or home decor project.",200.0,FC10XU,Purple,Large,2.01,2023-10-01,No
44,79,1,Ghana,Clothing,Male,Cotton,2 Piece Native African kaftan,pixelcut_20 3.PNG,pixelcut_20 3.PNG,"Introducing our stylish kaftan 2-piece wear, perfect for any occasion. Made from high-quality fabrics, this set features a comfortable kaftan top and matching bottom, offering a chic and elegant look that effortlessly combines fashion and comfort.",500.0,7WUF3E,Army Green ,"Small,Medium,Large",1,2023-10-02,No
45,80,1,Ghana,Clothing,Male,Cotton,2 Piece Native Kaftan Wear ,pixelcut_21 3.PNG,pixelcut_21 3.PNG,"Introducing our stylish kaftan 2-piece wear, perfect for any occasion. Made from high-quality fabrics, this set features a comfortable kaftan top and matching bottom, offering a chic and elegant look that effortlessly combines fashion and comfort.",500.0,ST2GKD,White,"Medium,Large",1,2023-10-02,No
46,81,1,Ghana,Clothing,Male,Cotton,2-Piece African Kaftan ,pixelcut_12 6.PNG,pixelcut_12 6.PNG,"Introducing our stylish kaftan 2-piece wear, perfect for any occasion. Made from high-quality fabrics, this set features a comfortable kaftan top and matching bottom, offering a chic and elegant look that effortlessly combines fashion and comfort.",500.0,NL2UK4,Brown ,"Medium,Large",2,2023-10-02,No
47,82,1,Ghana,Clothing,Male,Cotton,2-Piece African Kaftan ,pixelcut_22 2.PNG,pixelcut_22 2.PNG,"Introducing our stylish kaftan 2-piece wear, perfect for any occasion. Made from high-quality fabrics, this set features a comfortable kaftan top and matching bottom, offering a chic and elegant look that effortlessly combines fashion and comfort.",500.0,PHOL4Z,Green ,"Medium,Large",1.5,2023-10-02,No
48,83,1,Ghana,Clothing,Male,Cotton,2-Piece native Kaftans ,pixelcut_18 4.PNG,pixelcut_18 4.PNG,"Introducing our stylish kaftan 2-piece wear, perfect for any occasion. Made from high-quality fabrics, this set features a comfortable kaftan top and matching bottom, offering a chic and elegant look that effortlessly combines fashion and comfort.",500.0,CPY271,Sky blue ,"Medium,Large",2,2023-10-02,No
49,84,1,Ghana,Clothing,Male,Cotton,2-Piece Native Kaftan ,pixelcut_17 4.PNG,pixelcut_17 4.PNG,"Introducing our stylish kaftan 2-piece wear, perfect for any occasion. Made from high-quality fabrics, this set features a comfortable kaftan top and matching bottom, offering a chic and elegant look that effortlessly combines fashion and comfort.",450.0,4UO7BW,White ,"Medium,Large",2,2023-10-02,No
50,85,1,Gambia,Clothing,Male,Cotton,2-Piece Native Kaftan ,pixelcut_16 4.PNG,pixelcut_16 4.PNG,"Introducing our stylish kaftan 2-piece wear, perfect for any occasion. Made from high-quality fabrics, this set features a comfortable kaftan top and matching bottom, offering a chic and elegant look that effortlessly combines fashion and comfort.",500.0,UXJM18,Blue,"Medium,Large",1.5,2023-10-02,No
51,86,1,Ghana,Clothing,Male,Cotton,2-Piece Native Kaftan ,pixelcut_6 5.PNG,pixelcut_6 5.PNG,"Introducing our stylish kaftan 2-piece wear, perfect for any occasion. Made from high-quality fabrics, this set features a comfortable kaftan top and matching bottom, offering a chic and elegant look that effortlessly combines fashion and comfort.",650.0,MD5J0K,Wine ,"Medium,Large",1.5,2023-10-02,No
52,87,1,Ghana,Clothing,Male,Cotton,2-Piece Kaftan ,pixelcut_3.PNG,pixelcut_3.PNG,"Introducing our stylish kaftan 2-piece wear, perfect for any occasion. Made from high-quality fabrics, this set features a comfortable kaftan top and matching bottom, offering a chic and elegant look that effortlessly combines fashion and comfort.",550.0,UKHCZA,Buff,"Medium,Large",1.5,2023-10-02,No
53,88,1,Ghana,Clothing,Male,Cotton,2-Piece African Kaftan ,pixelcut_14.PNG,pixelcut_14.PNG,"Introducing our stylish kaftan 2-piece wear, perfect for any occasion. Made from high-quality fabrics, this set features a comfortable kaftan top and matching bottom, offering a chic and elegant look that effortlessly combines fashion and comfort.",550.0,4BCAN7,Orange ,"Medium,Large",1.5,2023-10-02,No
54,89,1,Ghana,Clothing,Male,Cotton,2-Piece Native Kaftans ,pixelcut_10 5.PNG,pixelcut_10 5.PNG,"Introducing our stylish kaftan 2-piece wear, perfect for any occasion. Made from high-quality fabrics, this set features a comfortable kaftan top and matching bottom, offering a chic and elegant look that effortlessly combines fashion and comfort.",650.0,4P5K0I,Dark blue ,"Medium,Large",2,2023-10-02,No
55,90,1,Ghana,Clothing,Male,Cotton,2-Piece  Kaftan ,pixelcut_7 5.PNG,pixelcut_7 5.PNG,"Introducing our stylish kaftan 2-piece wear, perfect for any occasion. Made from high-quality fabrics, this set features a comfortable kaftan top and matching bottom, offering a chic and elegant look that effortlessly combines fashion and comfort.",500.0,ABNY6R,Army green ,"Medium,Large",2,2023-10-02,No
56,91,1,Ghana,Clothing,Male,Cotton,African Kaftan mens,pixelcut_8 5.PNG,pixelcut_8 5.PNG,"Introducing our stylish kaftan 2-piece wear, perfect for any occasion. Made from high-quality fabrics, this set features a comfortable kaftan top and matching bottom, offering a chic and elegant look that effortlessly combines fashion and comfort.",600.0,IJLVY1,Golden Yellow,"Medium,Large",2,2023-10-02,No
57,92,1,Ghana,Fabrics,Unisex,Cotton,"Avogan Fabric,6-Yards",pixelcut_5.PNG,pixelcut_5.PNG,"Our Avogan fabric is a luxurious and versatile material that exudes sophistication. Crafted from a blend of high-quality fibers, it is known for its softness, durability, and unique sheen, making it ideal for elegant clothing and home decor items.",200.0,7WCFE0,"Yellow,Black ","Medium,Large",4,2023-10-02,No
58,93,1,Ghana,Fabrics,Unisex,Cotton,"Avogan Fabric,6-Yard",pixelcut_1.PNG,pixelcut_1.PNG,"Our Avogan fabric is a luxurious and versatile material that exudes sophistication. Crafted from a blend of high-quality fibers, it is known for its softness, durability, and unique sheen, making it ideal for elegant clothing and home decor items.",200.0,0KOYRF,Multi coloured ,"Medium,Large",3,2023-10-02,No
59,94,1,Ghana,Fabrics,Unisex,Cotton,Avogan Fabric ,pixelcut_2.PNG,pixelcut_2.PNG,"Our Avogan fabric is a luxurious and versatile material that exudes sophistication. Crafted from a blend of high-quality fibers, it is known for its softness, durability, and unique sheen, making it ideal for elegant clothing and home decor items.",200.0,5QSC3U,Multi-color,"Medium,Large",3,2023-10-02,No
60,95,1,Ghana,Fabrics,Female,Cotton,African Kaftan Dress,E1D90B89-ED96-4883-90AA-8D0993E9D5A1.jpeg,12DB0AD5-7C05-43C0-8DB2-300BC9DF4D9A.jpeg,"Discover our exquisite kaftan dress, combining elegance, comfort, and a mesmerizing floral design, making it the ideal choice for any occasion, be it a beach getaway or a glamorous evening affair.",150.0,RISG7Q,Multi-coloured ,Large,0.1,2023-10-16,No
61,96,1,Ghana,Clothing,Female,Cotton,Kaftan Dress,58BBDBCF-A18B-43CF-B399-1736B9B17F42.jpeg,DE2FB6B1-07FE-4F2F-B08B-D0CAB02B02EF.jpeg,"The African kaftan dress is a colorful, loose-fitting garment adorned with intricate patterns, embroidery, and beadwork, commonly worn for cultural or special occasions. It reflects the rich traditions and heritage of African fashion.",150.0,XGT31U,"Yellow,Orange ",Medium,1,2023-10-17,No
62,97,1,Ghana,Clothing,Female,Cotton,Ankara pencil dress,D1214854-7447-4401-A762-E8E27D7722A3.jpeg,42A3DC84-F50B-4256-B3C2-E770A6D43664.jpeg,"An Ankara pencil dress is a stylish and form-fitting garment made from vibrant and distinct African wax print fabric known as Ankara. These dresses are typically knee-length and feature the eye-catching and bold Ankara patterns, making them a fashionable choice for both casual and formal occasions.",120.0,LSYAT6,Blue ,"Small,Medium,Large",1,2023-10-17,No
63,98,1,Ghana,Clothing,Female,Cotton,Kaftan Dress,6E1E4986-0859-497A-9B50-EC35C804E1EE.jpeg,3AF70CDF-6E36-44FF-BC88-021305B63CF6.jpeg,"An Ankara pencil dress is a stylish and form-fitting garment made from vibrant and distinct African wax print fabric known as Ankara. These dresses are typically knee-length and feature the eye-catching and bold Ankara patterns, making them a fashionable choice for both casual and formal occasions.",150.0,71642M,Pink,"Medium,Large",1,2023-10-17,No
64,99,1,Ghana,Clothing,Female,Cotton,African print skirt,B10FF5F8-643E-4FBE-AF0E-9E7290539F6F.jpeg,205DD0EA-A861-44C2-B7D6-DDB2334DF156.jpeg,"A long African print skirt is a beautifully crafted piece of clothing typically made from vibrant and intricate African wax print fabric. These skirts are known for their flowing design, rich colors, and bold patterns, making them a fashionable and versatile choice for various occasions, from casual to semi-formal.",120.0,IMH0Y3,Blue ,"Medium,Large",2,2023-10-17,No
65,100,1,Ghana,Accessories,Female,Plastic,Large beaded  earring,WhatsApp Image 2024-01-14 at 16.08.29 (1).jpeg,WhatsApp Image 2024-01-14 at 16.08.29.jpeg,Masia fashion eaarings,40.0,7RLQFG,Multi-color,Large,0.2,2024-01-14,No
66,101,1,Ghana,Accessories,Female,Solid,African map wooden earrings,WhatsApp Image 2024-01-14 at 16.08.29 (2).jpeg,WhatsApp Image 2024-01-14 at 16.08.29 (3).jpeg,African map Big earrings to elavate your look,40.0,HZABEI,"Black,Brown",Large,0.3,2024-01-14,No
67,102,1,Ghana,Accessories,Female,Plastic,Beaded earrings,WhatsApp Image 2024-01-14 at 16.08.30.jpeg,WhatsApp Image 2024-01-14 at 16.08.29 (4).jpeg,Beautiful masai beaded earrings,25.0,CSWJUG,orange,Medium,0.2,2024-01-14,No
68,103,1,Ghana,Accessories,Female,Solid,African earrings,WhatsApp Image 2024-01-14 at 16.08.31.jpeg,WhatsApp Image 2024-01-14 at 16.08.30 (1).jpeg,Beautiful cultural earrings,40.0,HJ4C2Z,Cream white,Large,0.2,2024-01-14,No
69,104,1,Ghana,Accessories,Female,Natural textile,Ankara fabric earrings,WhatsApp Image 2024-01-14 at 16.08.34.jpeg,WhatsApp Image 2024-01-14 at 16.08.32.jpeg,Fashionable earrings from ankara fabric,35.0,QZM8EB,yellow,Large,0.2,2024-01-14,No
70,105,1,Ghana,Fabrics,Female,Solid,Cross beaded bracelet,WhatsApp Image 2024-01-14 at 16.08.35.jpeg,WhatsApp Image 2024-01-14 at 16.08.34 (1).jpeg,Beaded cross bracelet,30.0,IRX50F,Black,Medium,0.2,2024-01-14,No
71,106,1,Ghana,Accessories,Unisex,Solid,Wooden bracelet,WhatsApp Image 2024-01-14 at 16.08.36.jpeg,WhatsApp Image 2024-01-14 at 16.08.35 (1).jpeg,Beautifully made wooden bracelet,30.0,EVFIAR,"Black,Brown",Medium,0.2,2024-01-14,No
72,107,1,Ghana,Accessories,Unisex,Solid,Beaded Necklace,WhatsApp Image 2024-01-14 at 16.08.38.jpeg,WhatsApp Image 2024-01-14 at 16.08.39.jpeg,Beautifully and artistically made necklace,30.0,4YX3MP,"Black,Brown",Medium,0.2,2024-01-14,No
73,108,1,Ghana,Accessories,Unisex,Solid,Map of Africa Necklace,WhatsApp Image 2024-01-14 at 16.08.36 (1).jpeg,WhatsApp Image 2024-01-14 at 16.08.37.jpeg,Long artistically made African map necklace with Ghana flag colors,50.0,1QSBPW,"Black,Brown",Large,0.5,2024-01-14,No
74,109,5,Ghana,Clothing,Male,Cotton,Batakari,WhatsApp Image 2024-01-12 at 19.45.41.jpeg,WhatsApp Image 2024-01-12 at 19.45.33.jpeg,"This dress is the traditional dress from the Northern Part of Ghana, however, it can be worn by anyone. The product comes with a hat. You can also message me to customize the material. ",360.0,BYGPQ5,multi-colored,"Medium,Large",5,2024-01-14,No
75,110,1,Ghana,Men Shirts,Male,Cotton,Black and white Shirt,WhatsApp Image 2024-03-20 at 06.08.19 (5).jpeg,WhatsApp Image 2024-03-20 at 06.08.19 (2).jpeg,Decent African Shirt,150.0,F394LK,"Black,White","Small,Medium",0.5,2024-03-20,Yes
76,111,1,Ghana,Men Shirts,Male,Cotton,Eswathi Shirt,WhatsApp Image 2024-03-20 at 06.08.19 (7).jpeg,WhatsApp Image 2024-03-20 at 06.08.19 (4).jpeg,"Stand out with this vibrant red and black African shirt! Made with comfort and style in mind, this unique piece is perfect for any occasion. ",150.0,XMRJNS,"Black,Red","Small,Medium",0.5,2024-03-20,Yes
77,112,1,Ghana,Skirts,Female,Cotton,Ankara Two Piece,WhatsApp Image 2024-03-20 at 06.08.19 (10).jpeg,WhatsApp Image 2024-03-20 at 06.08.19 (9).jpeg,"Crafted from bold Ankara fabric bursting with vibrant colors and patterns, this jumpsuit is a statement piece. It combines cultural flair with effortless style, making you the center of attention wherever you go. ",140.0,I1TEN6,"Red,Baige",Medium,0.5,2024-03-20,Yes
78,113,1,Ghana,Skirts,Female,Cotton,Ankara Jumpsuit,WhatsApp Image 2024-03-20 at 06.08.19 (13).jpeg,WhatsApp Image 2024-03-20 at 06.08.19 (13).jpeg,"Crafted from bold Ankara fabric bursting with vibrant colors and patterns, this jumpsuit is a statement piece. It combines cultural flair with effortless style, making you the center of attention wherever you go. ",160.0,6G43KC,"Red,Baige","Medium,Large",0.5,2024-03-20,Yes
79,114,1,Ghana,Skirts,Female,Cotton,Ankara Jumpsuit,WhatsApp Image 2024-03-20 at 06.08.19 (11).jpeg,WhatsApp Image 2024-03-20 at 06.08.19 (12).jpeg,"Crafted from bold Ankara fabric bursting with vibrant colors and patterns, this jumpsuit is a statement piece. It combines cultural flair with effortless style, making you the center of attention wherever you go. ",150.0,EMQR7G,"Black,Red","Medium,Large",0.5,2024-03-20,Yes
80,115,1,Ghana,Men Shirts,Male,Cotton,African Shirt,WhatsApp Image 2024-03-20 at 06.08.19 (14).jpeg,WhatsApp Image 2024-03-20 at 06.08.19 (15).jpeg,"Embrace timeless elegance with our red and white African shirt. The crisp white fabric is adorned with striking red patterns, offering a sophisticated twist on traditional African design. Made for comfort and confidence, this shirt is perfect for adding a touch of cultural flair to your everyday wardrobe. ",160.0,L1OYDN,"Red,White","Small,Medium",0.5,2024-03-20,Yes
81,116,1,Ghana,Ladies Dresses,Female,Cotton,African  Boubu Dress,WhatsApp Image 2024-04-09 at 20.12.09 (1).jpeg,WhatsApp Image 2024-04-09 at 20.12.09 (1).jpeg,"Embrace the vibrant heritage of Africa with the Abuba African Dress, crafted from high-quality wax print fabric for a stunning and unique ensemble that radiates elegance and cultural richness.",150.0,GCY8MW,"Yellow,brown",Large,0.5,2024-04-09,Yes
82,117,1,Ghana,Ladies Dresses,Female,Cotton,African  Boubu Dress,WhatsApp Image 2024-04-09 at 20.12.09.jpeg,WhatsApp Image 2024-04-09 at 20.12.10 (1).jpeg,"Embrace the vibrant heritage of Africa with the Abuba African Dress, crafted from high-quality wax print fabric for a stunning and unique ensemble that radiates elegance and cultural richness.",150.0,0INSQO,"Yellow,brown",Medium,0.5,2024-04-09,Yes
83,118,1,Ghana,Ladies Dresses,Female,Cotton,Silk Boubou Dress,WhatsApp Image 2024-04-09 at 20.12.07.jpeg,WhatsApp Image 2024-04-09 at 20.12.07.jpeg,"Indulge in the timeless allure of the Silk African Bubu Dress, marrying luxurious silk with traditional African design for an effortlessly chic statement piece that transcends borders and captivates with its grace and sophistication.",250.0,QX70NJ,Multi-color,Large,0.5,2024-04-09,Yes
84,119,1,Ghana,Ladies Dresses,Female,Cotton,Silk Boubou Dress,WhatsApp Image 2024-04-09 at 21.21.01.jpeg,WhatsApp Image 2024-04-09 at 20.12.07 (1).jpeg,"Indulge in the timeless allure of the Silk African Bubu Dress, marrying luxurious silk with traditional African design for an effortlessly chic statement piece that transcends borders and captivates with its grace and sophistication.",250.0,4A1CVO,"Red,Baige",Large,0.5,2024-04-09,Yes
85,120,1,Ghana,Ladies Dresses,Female,Cotton,Silk Boubou Dress,WhatsApp Image 2024-04-09 at 21.21.03 (1).jpeg,WhatsApp Image 2024-04-09 at 21.21.03.jpeg,"Indulge in the timeless allure of the Silk African Bubu Dress, marrying luxurious silk with traditional African design for an effortlessly chic statement piece that transcends borders and captivates with its grace and sophistication.",250.0,TSUGW1,"Orange,Baige",Large,0.5,2024-04-09,Yes
86,121,1,Ghana,Ladies Dresses,Female,Cotton,Two-Piece suit,WhatsApp Image 2024-04-09 at 20.12.08.jpeg,WhatsApp Image 2024-04-09 at 20.12.10.jpeg,"Elevate your style with our African Two-Piece Set, blending contemporary fashion with traditional African prints. Crafted for versatility and flair, each piece embodies the vibrancy and culture of Africa, offering a modern twist on timeless elegance.",200.0,71P2ED,Pink,"Small,Medium,Large,XL,XXL",0.5,2024-04-09,Yes
87,122,1,Ghana,Ladies Dresses,Female,Cotton,Bella Set ,WhatsApp Image 2024-07-03 at 02.06.28.jpeg,WhatsApp Image 2024-07-03 at 02.06.28.jpeg,Classic corporate ladies ready to wear two piece with an African touch.,250.0,1TP854,Baige,"Small,Medium,Large,XL",0.5,2024-07-03,Yes
88,123,1,Ghana,Ladies Dresses,Female,Cotton,Wangari Set,WhatsApp Image 2024-07-03 at 02.06.27.jpeg,WhatsApp Image 2024-07-03 at 02.06.27.jpeg,Versatile universal African two-piece.,250.0,3B4T0A,Baige,"Small,Medium,Large,XL",0.5,2024-07-03,Yes
89,124,1,Ghana,Ladies Dresses,Female,Cotton,Mary Set,WhatsApp Image 2024-07-03 at 02.06.26.jpeg,WhatsApp Image 2024-07-03 at 02.06.26.jpeg,This is a classic and elegant two piece set made for the modern corporate woman.,250.0,QGOEP6,Green,"Small,Medium,Large,XL,XXL",0.5,2024-07-03,Yes
90,125,1,Ghana,Kimonos,Female,Cotton,Afri Kimono,WhatsApp Image 2024-07-03 at 02.06.28 (1).jpeg,WhatsApp Image 2024-07-03 at 02.06.28 (1).jpeg,"The best and versatile kimono, designed to make you feel elegant and beautiful.",130.0,ZSY4DE,Black,"Small,Medium,Large,XL,XXL",0.5,2024-07-03,Yes
